timestamp,raw,ma,ema,kalman_simple,kalman_pv,ekf,ukf
2025-08-04T11:46:01.966895,5.0,5.0,5.0,5.0,5.0,5.0,5.0
2025-08-04T11:46:02.168432,-79.655,-37.328,-11.931,-9.109,-78.825,-78.826,-78.818
2025-08-04T11:46:02.268492,-79.656,-51.437,-25.476,-23.961,-79.656,-79.658,-79.255
2025-08-04T11:46:02.367801,-79.655,-58.492,-36.312,-37.158,-79.933,-79.917,-79.408
2025-08-04T11:46:02.468151,-79.663,-62.726,-44.982,-47.87,-79.974,-79.951,-79.491
2025-08-04T11:46:02.567950,-79.655,-65.547,-51.917,-56.146,-79.948,-79.917,-79.54
2025-08-04T11:46:02.668614,-79.67,-67.565,-57.467,-62.378,-79.922,-79.883,-79.577
2025-08-04T11:46:02.767941,-79.673,-69.078,-61.908,-67.002,-79.897,-79.848,-79.604
2025-08-04T11:46:02.868270,-79.66,-70.254,-65.459,-70.402,-79.87,-79.809,-79.619
2025-08-04T11:46:02.967858,-79.666,-71.195,-68.3,-72.898,-79.85,-79.78,-79.632
2025-08-04T11:46:03.068594,-79.649,-79.66,-70.57,-74.719,-79.828,-79.747,-79.637
2025-08-04T11:46:03.168128,-79.68,-79.663,-72.392,-76.058,-79.82,-79.733,-79.648
2025-08-04T11:46:03.268071,-79.681,-79.665,-73.85,-77.036,-79.812,-79.721,-79.657
2025-08-04T11:46:03.368609,-79.665,-79.666,-75.013,-77.746,-79.801,-79.704,-79.659
2025-08-04T11:46:03.468508,-79.705,-79.67,-75.951,-78.275,-79.801,-79.706,-79.672
2025-08-04T11:46:11.921111,-0.018,-71.707,-60.765,-57.135,-60.589,-49.462,-58.149
2025-08-04T11:46:12.432574,-0.016,-63.741,-48.615,-41.705,-45.288,-28.63,-42.442
2025-08-04T11:46:12.945547,-0.026,-55.777,-38.897,-30.445,-32.98,-14.654,-30.983
2025-08-04T11:46:13.456860,-0.014,-47.812,-31.12,-22.224,-22.986,-5.455,-22.616
2025-08-04T11:46:13.968246,-0.006,-39.846,-24.898,-16.222,-14.812,0.474,-16.508
2025-08-04T11:46:14.480562,0.008,-31.88,-19.916,-11.837,-8.081,4.185,-12.046
2025-08-04T11:46:14.992287,0.016,-23.911,-15.93,-8.635,-2.508,6.395,-8.787
2025-08-04T11:46:15.504616,-0.006,-15.943,-12.745,-6.304,2.122,7.586,-6.415
2025-08-04T11:46:16.016606,0.01,-7.976,-10.194,-4.598,5.987,8.108,-4.679
2025-08-04T11:46:16.531688,-0.008,-0.006,-8.157,-3.358,9.219,8.177,-3.417
2025-08-04T11:46:17.044385,0.005,-0.004,-6.525,-2.449,11.93,7.965,-2.493
2025-08-04T11:46:17.556006,-0.018,-0.004,-5.223,-1.793,14.2,7.566,-1.824
2025-08-04T11:46:18.068610,-0.015,-0.003,-4.182,-1.312,16.105,7.068,-1.335
2025-08-04T11:46:18.580084,-0.015,-0.003,-3.348,-0.962,17.7,6.518,-0.979
2025-08-04T11:46:19.092488,0.011,-0.001,-2.676,-0.699,19.036,5.96,-0.711
2025-08-04T11:46:19.604141,0.006,-0.001,-2.14,-0.509,20.146,5.404,-0.518
2025-08-04T11:46:20.116191,0.012,-0.002,-1.71,-0.368,21.064,4.871,-0.374
2025-08-04T11:46:20.628554,0.032,0.002,-1.361,-0.26,21.818,4.374,-0.265
2025-08-04T11:46:21.140182,0.001,0.001,-1.089,-0.189,22.423,3.899,-0.193
2025-08-04T11:46:21.652771,-0.001,0.002,-0.871,-0.139,22.903,3.463,-0.141
2025-08-04T11:46:22.164492,-0.002,0.001,-0.697,-0.102,23.272,3.066,-0.103
2025-08-04T11:46:22.676599,0.005,0.003,-0.557,-0.073,23.546,2.71,-0.074
2025-08-04T11:46:23.188631,-0.008,0.004,-0.447,-0.055,23.733,2.385,-0.056
2025-08-04T11:46:23.700839,-0.017,0.004,-0.361,-0.045,23.843,2.092,-0.046
2025-08-04T11:46:24.216525,-0.008,0.002,-0.29,-0.035,23.888,1.834,-0.036
2025-08-04T11:46:24.728191,-0.008,0.001,-0.234,-0.028,23.872,1.606,-0.028
2025-08-04T11:46:25.239959,0.037,0.003,-0.18,-0.01,23.807,1.418,-0.01
2025-08-04T11:46:25.752747,0.012,0.001,-0.141,-0.004,23.692,1.242,-0.004
2025-08-04T11:46:26.264849,-0.012,-0.0,-0.116,-0.006,23.53,1.079,-0.006
2025-08-04T11:46:26.776021,-0.005,-0.001,-0.093,-0.006,23.329,0.939,-0.006
2025-08-04T11:46:27.288290,-0.005,-0.001,-0.076,-0.006,23.093,0.816,-0.006
2025-08-04T11:46:27.800943,-0.019,-0.003,-0.064,-0.009,22.823,0.705,-0.009
2025-08-04T11:46:28.312165,-0.012,-0.004,-0.054,-0.01,22.524,0.61,-0.01
2025-08-04T11:46:28.824720,0.014,-0.001,-0.04,-0.004,22.2,0.536,-0.004
2025-08-04T11:46:29.336324,0.009,0.001,-0.03,-0.0,21.852,0.469,-0.0
2025-08-04T11:46:29.848895,0.006,0.003,-0.023,0.002,21.481,0.408,0.001
2025-08-04T11:46:30.360168,-0.021,-0.003,-0.023,-0.005,21.087,0.347,-0.005
2025-08-04T11:46:30.872311,-0.027,-0.007,-0.024,-0.011,20.674,0.293,-0.011
2025-08-04T11:46:31.384081,-0.016,-0.008,-0.022,-0.012,20.246,0.253,-0.012
2025-08-04T11:46:31.900712,-0.004,-0.008,-0.018,-0.01,19.804,0.224,-0.01
2025-08-04T11:46:32.412794,-0.016,-0.009,-0.018,-0.012,19.348,0.194,-0.012
2025-08-04T11:46:32.924712,0.024,-0.004,-0.01,-0.002,18.882,0.182,-0.002
2025-08-04T11:46:33.436932,-0.016,-0.005,-0.011,-0.006,18.403,0.156,-0.006
2025-08-04T11:46:33.948232,-0.02,-0.008,-0.013,-0.01,17.915,0.133,-0.01
2025-08-04T11:46:34.460151,-0.012,-0.01,-0.013,-0.01,17.419,0.115,-0.01
2025-08-04T11:46:34.973150,-0.026,-0.013,-0.015,-0.014,16.916,0.095,-0.015
2025-08-04T11:46:35.483889,-0.009,-0.012,-0.014,-0.013,16.409,0.084,-0.013
2025-08-04T11:46:35.995935,-0.003,-0.01,-0.012,-0.01,15.898,0.076,-0.01
2025-08-04T11:46:36.508288,-0.013,-0.009,-0.012,-0.011,15.384,0.065,-0.011
2025-08-04T11:46:37.020288,0.005,-0.009,-0.009,-0.007,14.869,0.061,-0.007
2025-08-04T11:46:37.532405,-0.008,-0.008,-0.009,-0.007,14.352,0.053,-0.007
2025-08-04T11:46:38.044272,-0.024,-0.013,-0.012,-0.012,13.835,0.04,-0.012
2025-08-04T11:46:38.556309,0.009,-0.01,-0.007,-0.006,13.321,0.041,-0.006
2025-08-04T11:46:39.068661,0.017,-0.006,-0.003,0.0,12.81,0.043,0.0
2025-08-04T11:46:39.584251,0.007,-0.005,-0.001,0.002,12.302,0.04,0.002
2025-08-04T11:46:40.096459,0.009,-0.001,0.001,0.004,11.798,0.038,0.004
2025-08-04T11:46:40.608788,0.005,0.0,0.002,0.004,11.299,0.034,0.004
2025-08-04T11:46:41.120380,-0.009,-0.0,-0.0,0.001,10.804,0.026,0.001
2025-08-04T11:46:41.632629,-0.032,-0.002,-0.007,-0.008,10.314,0.012,-0.008
2025-08-04T11:46:42.144991,-0.018,-0.004,-0.009,-0.011,9.833,0.007,-0.011
2025-08-04T11:46:42.657066,-0.014,-0.005,-0.01,-0.012,9.36,0.003,-0.012
2025-08-04T11:46:43.168777,-0.011,-0.004,-0.01,-0.012,8.896,0.002,-0.012
2025-08-04T11:46:43.680440,0.005,-0.004,-0.007,-0.007,8.443,0.005,-0.007
2025-08-04T11:46:44.192696,0.006,-0.005,-0.004,-0.004,7.999,0.008,-0.004
2025-08-04T11:46:44.704438,0.016,-0.004,-0.0,0.002,7.567,0.014,0.002
2025-08-04T11:46:45.216601,-0.018,-0.007,-0.004,-0.004,7.142,0.006,-0.004
2025-08-04T11:46:45.728606,-0.006,-0.008,-0.004,-0.004,6.729,0.004,-0.004
2025-08-04T11:46:46.240563,-0.018,-0.009,-0.007,-0.008,6.327,-0.002,-0.008
2025-08-04T11:46:46.756344,-0.003,-0.006,-0.006,-0.007,5.938,-0.001,-0.007
2025-08-04T11:46:47.268473,-0.014,-0.006,-0.008,-0.009,5.559,-0.004,-0.009
2025-08-04T11:46:47.780389,0.007,-0.004,-0.005,-0.004,5.195,0.0,-0.004
2025-08-04T11:46:48.292360,-0.001,-0.003,-0.004,-0.003,4.842,0.001,-0.003
2025-08-04T11:46:48.804460,-0.016,-0.005,-0.006,-0.007,4.5,-0.004,-0.007
2025-08-04T11:46:49.316526,-0.001,-0.005,-0.005,-0.005,4.172,-0.002,-0.005
2025-08-04T11:46:49.827939,0.004,-0.007,-0.003,-0.003,3.856,0.001,-0.003
2025-08-04T11:46:50.340822,0.005,-0.004,-0.002,-0.001,3.554,0.003,-0.001
2025-08-04T11:46:50.852304,-0.012,-0.005,-0.004,-0.004,3.262,-0.001,-0.004
2025-08-04T11:46:51.364566,-0.015,-0.005,-0.006,-0.007,2.982,-0.005,-0.007
2025-08-04T11:46:51.877033,0.002,-0.004,-0.004,-0.004,2.716,-0.003,-0.004
2025-08-04T11:46:52.388644,0.002,-0.002,-0.003,-0.003,2.462,-0.001,-0.003
2025-08-04T11:46:52.901237,-0.001,-0.003,-0.003,-0.002,2.22,-0.0,-0.002
2025-08-04T11:46:53.412241,-0.022,-0.005,-0.007,-0.008,1.988,-0.007,-0.008
2025-08-04T11:46:53.924646,-0.012,-0.005,-0.008,-0.009,1.768,-0.009,-0.009
2025-08-04T11:46:54.440247,0.006,-0.004,-0.005,-0.005,1.562,-0.004,-0.005
2025-08-04T11:46:54.952142,-0.002,-0.005,-0.004,-0.004,1.365,-0.003,-0.004
2025-08-04T11:46:55.464369,-0.012,-0.007,-0.006,-0.006,1.179,-0.006,-0.006
2025-08-04T11:46:55.977313,-0.018,-0.007,-0.008,-0.009,1.003,-0.01,-0.009
2025-08-04T11:46:56.488689,-0.014,-0.007,-0.009,-0.011,0.837,-0.011,-0.011
2025-08-04T11:46:57.000671,0.005,-0.007,-0.007,-0.006,0.683,-0.006,-0.006
2025-08-04T11:46:57.513002,0.006,-0.006,-0.004,-0.003,0.539,-0.002,-0.003
2025-08-04T11:46:58.024958,-0.005,-0.007,-0.004,-0.004,0.404,-0.003,-0.004
2025-08-04T11:46:58.536914,-0.004,-0.005,-0.004,-0.004,0.277,-0.003,-0.004
2025-08-04T11:46:59.049158,-0.029,-0.007,-0.009,-0.011,0.158,-0.011,-0.011
2025-08-04T11:46:59.561085,0.005,-0.007,-0.006,-0.006,0.049,-0.006,-0.006
2025-08-04T11:47:00.073392,-0.001,-0.007,-0.005,-0.005,-0.051,-0.004,-0.005
2025-08-04T11:47:00.584374,-0.013,-0.007,-0.007,-0.007,-0.145,-0.007,-0.007
2025-08-04T11:47:01.096955,-0.037,-0.009,-0.013,-0.015,-0.233,-0.017,-0.015
2025-08-04T11:47:01.612617,-0.032,-0.011,-0.017,-0.02,-0.313,-0.023,-0.02
2025-08-04T11:47:02.124377,-0.033,-0.014,-0.02,-0.023,-0.386,-0.027,-0.023
2025-08-04T11:47:02.636554,-0.019,-0.017,-0.02,-0.022,-0.452,-0.025,-0.022
2025-08-04T11:47:03.149168,-0.017,-0.018,-0.019,-0.021,-0.511,-0.023,-0.021
2025-08-04T11:47:03.660779,0.004,-0.017,-0.015,-0.014,-0.563,-0.015,-0.014
2025-08-04T11:47:04.173262,-0.021,-0.016,-0.016,-0.016,-0.61,-0.017,-0.016
2025-08-04T11:47:04.684829,-0.017,-0.019,-0.016,-0.016,-0.652,-0.017,-0.016
2025-08-04T11:47:05.196493,-0.027,-0.021,-0.018,-0.019,-0.69,-0.021,-0.019
2025-08-04T11:47:05.709112,-0.033,-0.023,-0.021,-0.023,-0.723,-0.025,-0.023
2025-08-04T11:47:06.221121,-0.037,-0.023,-0.024,-0.027,-0.752,-0.03,-0.027
2025-08-04T11:47:06.732856,-0.028,-0.023,-0.025,-0.027,-0.776,-0.03,-0.027
2025-08-04T11:47:07.244876,-0.016,-0.021,-0.023,-0.024,-0.794,-0.026,-0.024
2025-08-04T11:47:07.756937,-0.004,-0.02,-0.019,-0.019,-0.808,-0.019,-0.019
2025-08-04T11:47:08.269323,0.002,-0.018,-0.015,-0.013,-0.819,-0.012,-0.013
2025-08-04T11:47:08.781205,-0.001,-0.018,-0.012,-0.01,-0.826,-0.008,-0.01
2025-08-04T11:47:09.296808,0.02,-0.014,-0.006,-0.002,-0.828,0.002,-0.002
2025-08-04T11:47:09.808885,-0.016,-0.014,-0.008,-0.006,-0.83,-0.003,-0.006
2025-08-04T11:47:10.320932,0.006,-0.011,-0.005,-0.002,-0.828,0.001,-0.002
2025-08-04T11:47:10.833046,-0.025,-0.01,-0.009,-0.009,-0.826,-0.007,-0.009
2025-08-04T11:47:11.345229,-0.004,-0.007,-0.008,-0.007,-0.821,-0.006,-0.007
2025-08-04T11:47:11.857420,-0.03,-0.007,-0.012,-0.013,-0.815,-0.014,-0.013
2025-08-04T11:47:12.369463,-0.018,-0.007,-0.014,-0.015,-0.806,-0.015,-0.015
2025-08-04T11:47:12.881422,-0.012,-0.008,-0.013,-0.014,-0.795,-0.014,-0.014
2025-08-04T11:47:13.393067,-0.027,-0.011,-0.016,-0.017,-0.784,-0.019,-0.017
2025-08-04T11:47:13.905067,-0.023,-0.013,-0.017,-0.019,-0.771,-0.02,-0.019
2025-08-04T11:47:14.417552,-0.025,-0.017,-0.019,-0.021,-0.756,-0.022,-0.021
2025-08-04T11:47:14.928667,-0.036,-0.019,-0.022,-0.025,-0.742,-0.027,-0.025
2025-08-04T11:47:15.440806,-0.012,-0.021,-0.02,-0.021,-0.724,-0.023,-0.021
2025-08-04T11:47:15.952769,-0.01,-0.02,-0.018,-0.018,-0.706,-0.019,-0.018
2025-08-04T11:47:16.469262,0.002,-0.019,-0.014,-0.013,-0.686,-0.012,-0.013
2025-08-04T11:47:16.980522,-0.027,-0.019,-0.017,-0.017,-0.668,-0.017,-0.017
2025-08-04T11:47:17.492627,-0.026,-0.02,-0.019,-0.019,-0.649,-0.02,-0.019
2025-08-04T11:47:18.004688,0.007,-0.018,-0.013,-0.012,-0.627,-0.011,-0.012
2025-08-04T11:47:18.516791,0.006,-0.014,-0.01,-0.007,-0.605,-0.005,-0.007
2025-08-04T11:47:19.028784,-0.021,-0.014,-0.012,-0.011,-0.585,-0.01,-0.011
2025-08-04T11:47:19.541344,-0.001,-0.012,-0.01,-0.008,-0.563,-0.007,-0.008
2025-08-04T11:47:20.052385,-0.008,-0.009,-0.009,-0.008,-0.541,-0.007,-0.008
2025-08-04T11:47:20.564836,-0.019,-0.01,-0.011,-0.011,-0.521,-0.01,-0.011
2025-08-04T11:47:21.077216,-0.022,-0.011,-0.013,-0.014,-0.501,-0.014,-0.014
2025-08-04T11:47:21.589459,-0.003,-0.011,-0.011,-0.011,-0.479,-0.01,-0.011
2025-08-04T11:47:22.101167,-0.042,-0.013,-0.017,-0.019,-0.461,-0.021,-0.019
2025-08-04T11:47:22.613254,-0.018,-0.012,-0.018,-0.019,-0.44,-0.02,-0.019
2025-08-04T11:47:23.125136,0.001,-0.013,-0.014,-0.014,-0.419,-0.014,-0.014
2025-08-04T11:47:23.641276,-0.008,-0.014,-0.013,-0.012,-0.399,-0.012,-0.012
2025-08-04T11:47:24.153191,-0.009,-0.013,-0.012,-0.011,-0.379,-0.011,-0.011
2025-08-04T11:47:24.665185,-0.053,-0.018,-0.02,-0.023,-0.363,-0.025,-0.023
2025-08-04T11:47:25.177274,-0.037,-0.021,-0.024,-0.026,-0.346,-0.029,-0.026
2025-08-04T11:47:25.689521,-0.035,-0.023,-0.026,-0.029,-0.329,-0.032,-0.029
2025-08-04T11:47:26.201439,-0.012,-0.022,-0.023,-0.024,-0.311,-0.026,-0.024
2025-08-04T11:47:26.713286,-0.012,-0.023,-0.021,-0.021,-0.293,-0.022,-0.021
2025-08-04T11:47:27.225313,-0.02,-0.02,-0.021,-0.021,-0.277,-0.022,-0.021
2025-08-04T11:47:27.737453,-0.015,-0.02,-0.02,-0.019,-0.26,-0.02,-0.019
2025-08-04T11:47:28.248569,-0.026,-0.023,-0.021,-0.021,-0.245,-0.022,-0.021
2025-08-04T11:47:28.761897,-0.027,-0.025,-0.022,-0.023,-0.23,-0.024,-0.023
2025-08-04T11:47:29.273309,-0.007,-0.024,-0.019,-0.018,-0.215,-0.018,-0.018
2025-08-04T11:47:29.785442,-0.019,-0.021,-0.019,-0.019,-0.201,-0.019,-0.019
2025-08-04T11:47:30.301127,-0.009,-0.018,-0.017,-0.016,-0.186,-0.015,-0.016
2025-08-04T11:47:30.813308,-0.028,-0.017,-0.019,-0.019,-0.174,-0.019,-0.019
2025-08-04T11:47:31.325247,-0.004,-0.017,-0.016,-0.015,-0.16,-0.014,-0.015
2025-08-04T11:47:31.837296,-0.017,-0.017,-0.016,-0.016,-0.148,-0.015,-0.016
2025-08-04T11:47:32.349465,-0.046,-0.02,-0.022,-0.024,-0.139,-0.025,-0.024
2025-08-04T11:47:32.861415,-0.018,-0.02,-0.021,-0.022,-0.128,-0.023,-0.022
2025-08-04T11:47:33.372684,-0.037,-0.021,-0.025,-0.026,-0.119,-0.028,-0.026
2025-08-04T11:47:33.885446,-0.026,-0.021,-0.025,-0.026,-0.109,-0.028,-0.026
2025-08-04T11:47:34.397376,-0.001,-0.02,-0.02,-0.019,-0.098,-0.019,-0.019
2025-08-04T11:47:34.909879,0.004,-0.018,-0.015,-0.013,-0.087,-0.011,-0.013
2025-08-04T11:47:35.422415,-0.028,-0.02,-0.018,-0.017,-0.08,-0.016,-0.017
2025-08-04T11:47:35.933755,-0.012,-0.018,-0.017,-0.016,-0.071,-0.015,-0.016
2025-08-04T11:47:36.445175,-0.024,-0.02,-0.018,-0.018,-0.064,-0.018,-0.018
2025-08-04T11:47:36.957523,-0.005,-0.019,-0.015,-0.014,-0.056,-0.013,-0.014
2025-08-04T11:47:37.473415,-0.047,-0.019,-0.022,-0.023,-0.051,-0.024,-0.023
2025-08-04T11:47:37.986355,-0.023,-0.02,-0.022,-0.023,-0.045,-0.024,-0.023
2025-08-04T11:47:38.497391,-0.036,-0.02,-0.025,-0.027,-0.041,-0.028,-0.027
2025-08-04T11:47:39.009500,-0.042,-0.021,-0.028,-0.031,-0.037,-0.034,-0.031
2025-08-04T11:47:39.521802,-0.018,-0.023,-0.026,-0.027,-0.031,-0.029,-0.027
2025-08-04T11:47:40.033433,-0.04,-0.028,-0.029,-0.031,-0.028,-0.033,-0.031
2025-08-04T11:47:40.545578,-0.039,-0.029,-0.031,-0.033,-0.025,-0.036,-0.033
2025-08-04T11:47:41.057497,-0.048,-0.032,-0.034,-0.037,-0.023,-0.041,-0.037
2025-08-04T11:47:41.569596,-0.039,-0.034,-0.035,-0.038,-0.02,-0.041,-0.038
2025-08-04T11:47:42.081726,-0.025,-0.036,-0.033,-0.034,-0.017,-0.036,-0.034
2025-08-04T11:47:42.593658,-0.028,-0.034,-0.032,-0.033,-0.014,-0.034,-0.033
2025-08-04T11:47:43.105944,-0.012,-0.033,-0.028,-0.027,-0.01,-0.027,-0.027
2025-08-04T11:47:43.621540,-0.036,-0.033,-0.03,-0.029,-0.008,-0.03,-0.029
2025-08-04T11:47:44.133450,-0.039,-0.032,-0.032,-0.032,-0.007,-0.033,-0.032
2025-08-04T11:47:44.645701,-0.012,-0.032,-0.028,-0.027,-0.004,-0.026,-0.027
2025-08-04T11:47:45.158167,-0.022,-0.03,-0.027,-0.025,-0.002,-0.025,-0.025
2025-08-04T11:47:45.670010,-0.049,-0.031,-0.031,-0.032,-0.002,-0.033,-0.032
2025-08-04T11:47:46.181714,-0.013,-0.028,-0.027,-0.027,0.0,-0.026,-0.027
2025-08-04T11:47:46.693439,-0.031,-0.027,-0.028,-0.028,0.001,-0.028,-0.028
2025-08-04T11:47:47.206058,-0.022,-0.026,-0.027,-0.026,0.003,-0.026,-0.026
2025-08-04T11:47:47.717693,-0.023,-0.026,-0.026,-0.025,0.004,-0.025,-0.025
2025-08-04T11:47:48.229649,-0.038,-0.028,-0.029,-0.029,0.004,-0.029,-0.029
2025-08-04T11:47:48.742376,-0.026,-0.028,-0.028,-0.028,0.004,-0.028,-0.028
2025-08-04T11:47:49.253642,-0.036,-0.027,-0.03,-0.03,0.004,-0.031,-0.03
2025-08-04T11:47:49.765733,-0.041,-0.03,-0.032,-0.033,0.003,-0.034,-0.033
2025-08-04T11:47:50.278329,-0.03,-0.031,-0.032,-0.032,0.003,-0.033,-0.032
2025-08-04T11:47:50.793898,-0.024,-0.028,-0.03,-0.03,0.003,-0.03,-0.03
2025-08-04T11:47:51.305525,-0.016,-0.029,-0.027,-0.026,0.004,-0.026,-0.026
2025-08-04T11:47:51.818386,-0.008,-0.026,-0.023,-0.021,0.006,-0.019,-0.021
2025-08-04T11:47:52.330016,-0.022,-0.026,-0.023,-0.022,0.006,-0.02,-0.022
2025-08-04T11:47:52.841779,-0.045,-0.029,-0.027,-0.028,0.004,-0.028,-0.028
2025-08-04T11:47:53.354269,-0.017,-0.027,-0.025,-0.025,0.004,-0.024,-0.025
2025-08-04T11:47:53.865800,-0.025,-0.026,-0.025,-0.025,0.004,-0.024,-0.025
2025-08-04T11:47:54.377888,-0.042,-0.027,-0.029,-0.03,0.002,-0.03,-0.03
2025-08-04T11:47:54.889791,-0.014,-0.024,-0.026,-0.025,0.003,-0.025,-0.025
2025-08-04T11:47:55.402244,-0.015,-0.023,-0.024,-0.023,0.003,-0.021,-0.023
2025-08-04T11:47:55.914311,-0.027,-0.023,-0.024,-0.024,0.002,-0.023,-0.024
2025-08-04T11:47:56.426038,-0.034,-0.025,-0.026,-0.027,0.001,-0.026,-0.027
2025-08-04T11:47:56.938032,-0.042,-0.028,-0.029,-0.031,-0.001,-0.032,-0.031
2025-08-04T11:47:57.453791,-0.044,-0.03,-0.032,-0.034,-0.003,-0.036,-0.034
2025-08-04T11:47:57.965684,-0.034,-0.029,-0.033,-0.034,-0.004,-0.036,-0.034
2025-08-04T11:47:58.477849,-0.033,-0.031,-0.033,-0.034,-0.005,-0.035,-0.034
2025-08-04T11:47:58.989766,-0.049,-0.033,-0.036,-0.038,-0.008,-0.04,-0.038
2025-08-04T11:47:59.501906,-0.019,-0.031,-0.033,-0.033,-0.008,-0.034,-0.033
2025-08-04T11:48:00.013854,-0.033,-0.033,-0.033,-0.033,-0.009,-0.034,-0.033
2025-08-04T11:48:00.526175,-0.03,-0.035,-0.032,-0.032,-0.01,-0.033,-0.032
2025-08-04T11:48:01.037843,-0.03,-0.035,-0.032,-0.032,-0.01,-0.032,-0.032
2025-08-04T11:48:01.550029,-0.002,-0.032,-0.026,-0.024,-0.009,-0.022,-0.024
2025-08-04T11:48:02.062779,-0.022,-0.03,-0.025,-0.023,-0.01,-0.021,-0.023
2025-08-04T11:48:02.573832,-0.023,-0.028,-0.025,-0.023,-0.01,-0.022,-0.023
2025-08-04T11:48:03.085966,-0.037,-0.028,-0.027,-0.027,-0.011,-0.026,-0.027
2025-08-04T11:48:03.598021,-0.03,-0.028,-0.028,-0.028,-0.012,-0.027,-0.028
2025-08-04T11:48:04.113891,-0.033,-0.026,-0.029,-0.029,-0.014,-0.029,-0.029
2025-08-04T11:48:04.625784,-0.048,-0.029,-0.033,-0.034,-0.016,-0.036,-0.034
2025-08-04T11:48:05.138067,-0.04,-0.029,-0.034,-0.036,-0.017,-0.037,-0.036
2025-08-04T11:48:05.650170,-0.045,-0.031,-0.036,-0.038,-0.019,-0.04,-0.038
2025-08-04T11:48:06.162260,-0.044,-0.032,-0.038,-0.04,-0.021,-0.042,-0.04
2025-08-04T11:48:06.673939,-0.048,-0.037,-0.04,-0.042,-0.023,-0.045,-0.042
2025-08-04T11:48:07.185770,-0.032,-0.038,-0.038,-0.039,-0.024,-0.041,-0.039
2025-08-04T11:48:07.698369,-0.023,-0.038,-0.035,-0.035,-0.024,-0.036,-0.035
2025-08-04T11:48:08.210003,-0.014,-0.036,-0.031,-0.029,-0.023,-0.028,-0.029
2025-08-04T11:48:08.722318,-0.034,-0.036,-0.032,-0.031,-0.024,-0.03,-0.031
2025-08-04T11:48:09.234653,-0.03,-0.036,-0.031,-0.03,-0.024,-0.03,-0.03
2025-08-04T11:48:09.746208,-0.017,-0.033,-0.028,-0.027,-0.024,-0.025,-0.027
2025-08-04T11:48:10.258059,-0.017,-0.03,-0.026,-0.024,-0.023,-0.022,-0.024
2025-08-04T11:48:10.774147,-0.026,-0.029,-0.026,-0.025,-0.024,-0.023,-0.025
2025-08-04T11:48:11.285863,-0.006,-0.025,-0.022,-0.02,-0.022,-0.017,-0.02
2025-08-04T11:48:11.798297,-0.014,-0.021,-0.02,-0.018,-0.022,-0.015,-0.018
2025-08-04T11:48:12.309965,-0.048,-0.023,-0.026,-0.026,-0.024,-0.025,-0.026
2025-08-04T11:48:12.821722,-0.032,-0.024,-0.027,-0.028,-0.024,-0.027,-0.028
2025-08-04T11:48:13.334492,-0.017,-0.024,-0.025,-0.025,-0.024,-0.024,-0.025
2025-08-04T11:48:13.846411,-0.027,-0.023,-0.026,-0.025,-0.024,-0.025,-0.025
2025-08-04T11:48:14.358022,-0.028,-0.023,-0.026,-0.026,-0.024,-0.026,-0.026
2025-08-04T11:48:14.870264,-0.022,-0.024,-0.025,-0.025,-0.024,-0.024,-0.025
2025-08-04T11:48:15.382300,-0.0,-0.022,-0.02,-0.018,-0.022,-0.016,-0.018
2025-08-04T11:48:15.894622,-0.015,-0.021,-0.019,-0.017,-0.022,-0.015,-0.017
2025-08-04T11:48:16.406336,-0.04,-0.024,-0.023,-0.023,-0.023,-0.023,-0.023
2025-08-04T11:48:16.918142,-0.027,-0.026,-0.024,-0.024,-0.023,-0.024,-0.024
2025-08-04T11:48:17.433796,-0.027,-0.024,-0.025,-0.025,-0.024,-0.025,-0.025
2025-08-04T11:48:17.946206,-0.033,-0.024,-0.026,-0.027,-0.024,-0.028,-0.027
2025-08-04T11:48:18.458197,-0.033,-0.025,-0.028,-0.029,-0.025,-0.03,-0.029
2025-08-04T11:48:18.970190,-0.026,-0.025,-0.027,-0.028,-0.025,-0.029,-0.028
2025-08-04T11:48:19.482237,-0.048,-0.027,-0.031,-0.033,-0.027,-0.035,-0.033
2025-08-04T11:48:19.994287,-0.035,-0.028,-0.032,-0.034,-0.028,-0.036,-0.034
2025-08-04T11:48:20.506609,-0.037,-0.032,-0.033,-0.035,-0.029,-0.037,-0.035
2025-08-04T11:48:21.018391,-0.048,-0.035,-0.036,-0.038,-0.03,-0.041,-0.038
2025-08-04T11:48:21.530787,-0.048,-0.036,-0.038,-0.041,-0.032,-0.044,-0.041
2025-08-04T11:48:22.042458,-0.022,-0.036,-0.035,-0.036,-0.032,-0.038,-0.036
2025-08-04T11:48:22.554302,-0.044,-0.037,-0.037,-0.038,-0.033,-0.04,-0.038
2025-08-04T11:48:23.066559,-0.043,-0.038,-0.038,-0.039,-0.034,-0.042,-0.039
2025-08-04T11:48:23.578234,-0.034,-0.038,-0.037,-0.038,-0.034,-0.04,-0.038
2025-08-04T11:48:24.094047,-0.037,-0.04,-0.037,-0.038,-0.035,-0.039,-0.038
2025-08-04T11:48:24.606461,-0.028,-0.038,-0.035,-0.035,-0.035,-0.036,-0.035
2025-08-04T11:48:25.117920,-0.02,-0.036,-0.032,-0.031,-0.034,-0.031,-0.031
2025-08-04T11:48:25.630015,-0.039,-0.036,-0.034,-0.033,-0.034,-0.033,-0.033
2025-08-04T11:48:26.142470,-0.048,-0.036,-0.037,-0.037,-0.036,-0.038,-0.037
2025-08-04T11:48:26.654253,-0.037,-0.035,-0.037,-0.037,-0.036,-0.038,-0.037
2025-08-04T11:48:27.166459,-0.025,-0.035,-0.034,-0.034,-0.036,-0.034,-0.034
2025-08-04T11:48:27.678480,-0.041,-0.035,-0.036,-0.036,-0.036,-0.036,-0.036
2025-08-04T11:48:28.190382,-0.047,-0.036,-0.038,-0.039,-0.037,-0.04,-0.039
2025-08-04T11:48:28.702357,-0.038,-0.036,-0.038,-0.039,-0.038,-0.04,-0.039
2025-08-04T11:48:29.214461,-0.015,-0.034,-0.033,-0.032,-0.036,-0.032,-0.032
2025-08-04T11:48:29.726024,-0.017,-0.033,-0.03,-0.028,-0.035,-0.026,-0.028
2025-08-04T11:48:30.237977,-0.037,-0.034,-0.031,-0.031,-0.036,-0.03,-0.031
2025-08-04T11:48:30.753957,-0.036,-0.034,-0.032,-0.032,-0.036,-0.031,-0.032
2025-08-04T11:48:31.266256,-0.041,-0.033,-0.034,-0.034,-0.036,-0.035,-0.034
2025-08-04T11:48:31.778407,-0.016,-0.031,-0.03,-0.029,-0.035,-0.028,-0.029
2025-08-04T11:48:32.289692,-0.029,-0.032,-0.03,-0.029,-0.035,-0.028,-0.029
2025-08-04T11:48:32.802239,-0.031,-0.031,-0.03,-0.03,-0.035,-0.029,-0.03
2025-08-04T11:48:33.314050,-0.042,-0.03,-0.033,-0.033,-0.035,-0.033,-0.033
2025-08-04T11:48:33.826289,-0.056,-0.032,-0.037,-0.039,-0.037,-0.041,-0.039
2025-08-04T11:48:34.338247,-0.046,-0.035,-0.039,-0.041,-0.038,-0.043,-0.041
2025-08-04T11:48:34.850089,-0.056,-0.039,-0.042,-0.045,-0.04,-0.048,-0.045
2025-08-04T11:48:35.362355,-0.055,-0.041,-0.045,-0.048,-0.041,-0.051,-0.048
2025-08-04T11:48:35.874211,-0.045,-0.042,-0.045,-0.047,-0.042,-0.05,-0.047
2025-08-04T11:48:36.386192,-0.053,-0.043,-0.047,-0.049,-0.043,-0.052,-0.049
2025-08-04T11:48:36.902179,-0.031,-0.044,-0.043,-0.044,-0.042,-0.046,-0.044
2025-08-04T11:48:37.414075,-0.049,-0.046,-0.045,-0.045,-0.043,-0.047,-0.045
2025-08-04T11:48:37.926081,-0.058,-0.049,-0.047,-0.049,-0.045,-0.051,-0.049
2025-08-04T11:48:38.438114,-0.036,-0.048,-0.045,-0.045,-0.044,-0.047,-0.045
2025-08-04T11:48:38.950231,-0.053,-0.048,-0.047,-0.047,-0.046,-0.049,-0.047
2025-08-04T11:48:39.462252,-0.02,-0.046,-0.041,-0.04,-0.044,-0.04,-0.04
2025-08-04T11:48:39.974335,-0.021,-0.042,-0.037,-0.035,-0.043,-0.033,-0.035
2025-08-04T11:48:40.486313,-0.028,-0.039,-0.035,-0.033,-0.042,-0.031,-0.033
2025-08-04T11:48:40.998621,-0.027,-0.038,-0.034,-0.031,-0.041,-0.029,-0.031
2025-08-04T11:48:41.510215,-0.033,-0.036,-0.034,-0.032,-0.04,-0.03,-0.032
2025-08-04T11:48:42.022498,-0.026,-0.035,-0.032,-0.03,-0.039,-0.028,-0.03
2025-08-04T11:48:42.534266,-0.025,-0.033,-0.031,-0.029,-0.038,-0.026,-0.029
2025-08-04T11:48:43.050550,-0.053,-0.032,-0.035,-0.035,-0.04,-0.035,-0.035
2025-08-04T11:48:43.562154,-0.032,-0.032,-0.034,-0.034,-0.039,-0.034,-0.034
2025-08-04T11:48:44.074617,-0.048,-0.031,-0.037,-0.038,-0.04,-0.038,-0.038
2025-08-04T11:48:44.586527,-0.044,-0.034,-0.039,-0.04,-0.04,-0.04,-0.04
2025-08-04T11:48:45.098603,-0.019,-0.033,-0.035,-0.034,-0.039,-0.033,-0.034
2025-08-04T11:48:45.610920,-0.023,-0.033,-0.032,-0.031,-0.038,-0.03,-0.031
2025-08-04T11:48:46.122532,-0.048,-0.035,-0.035,-0.036,-0.039,-0.035,-0.036
2025-08-04T11:48:46.634642,-0.033,-0.035,-0.035,-0.035,-0.038,-0.035,-0.035
2025-08-04T11:48:47.146942,-0.057,-0.038,-0.039,-0.041,-0.04,-0.042,-0.041
2025-08-04T11:48:47.658726,-0.052,-0.041,-0.042,-0.044,-0.041,-0.046,-0.044
2025-08-04T11:48:48.170662,5.23,0.487,1.012,1.381,0.362,1.729,1.381
2025-08-04T11:48:48.683120,68.459,7.337,14.502,19.502,5.582,24.286,19.502
2025-08-04T11:48:49.198522,81.27,15.468,27.855,36.189,11.574,44.647,36.189
2025-08-04T11:48:49.710306,79.608,23.434,38.206,47.919,17.192,58.416,47.919
2025-08-04T11:48:50.222915,79.579,31.393,46.481,56.472,22.568,67.953,56.472
2025-08-04T11:48:50.734744,79.594,39.355,53.103,62.719,27.708,74.474,62.719
2025-08-04T11:48:51.246790,79.604,47.32,58.403,67.28,32.613,78.847,67.28
2025-08-04T11:48:51.759038,79.611,55.285,62.645,70.612,37.287,81.702,70.612
2025-08-04T11:48:52.270826,79.589,63.249,66.034,73.037,41.73,83.478,73.037
2025-08-04T11:48:52.783543,79.585,71.213,68.744,74.806,45.948,84.508,74.806
2025-08-04T11:48:53.294856,79.571,78.647,70.909,76.093,49.945,85.017,76.093
2025-08-04T11:48:53.806899,79.604,79.762,72.648,77.042,53.73,85.187,77.042
2025-08-04T11:48:54.318924,79.595,79.594,74.038,77.731,57.302,85.118,77.731
2025-08-04T11:48:54.830540,79.594,79.593,75.149,78.235,60.67,84.898,78.235
2025-08-04T11:48:55.346605,79.601,79.595,76.039,78.604,63.838,84.587,78.604
2025-08-04T11:48:55.859176,79.586,79.594,76.749,78.869,66.81,84.221,78.869
2025-08-04T11:48:56.370706,79.604,79.594,77.32,79.068,69.596,83.838,79.068
2025-08-04T11:48:56.883078,79.583,79.591,77.772,79.207,72.197,83.446,79.207
2025-08-04T11:48:57.395143,79.596,79.592,78.137,79.312,74.623,83.07,79.312
2025-08-04T11:48:57.906872,79.585,79.592,78.427,79.386,76.878,82.708,79.386
2025-08-04T11:48:58.418909,79.591,79.594,78.66,79.441,78.969,82.373,79.441
2025-08-04T11:48:58.930855,79.586,79.592,78.845,79.48,80.902,82.062,79.48
2025-08-04T11:48:59.442914,79.607,79.593,78.997,79.515,82.684,81.785,79.515
2025-08-04T11:48:59.954587,79.578,79.592,79.113,79.532,84.319,81.524,79.532
2025-08-04T11:49:00.466796,79.578,79.589,79.206,79.544,85.815,81.29,79.544
2025-08-04T11:49:00.978939,79.58,79.589,79.281,79.554,87.177,81.082,79.554
2025-08-04T11:49:01.490066,79.576,79.586,79.34,79.56,88.412,80.895,79.56
2025-08-04T11:49:02.006757,79.602,79.588,79.392,79.571,89.527,80.738,79.571
2025-08-04T11:49:02.518068,79.59,79.587,79.432,79.576,90.527,80.595,79.576
2025-08-04T11:49:03.031235,79.612,79.59,79.468,79.586,91.418,80.475,79.586
2025-08-04T11:49:03.542963,79.601,79.591,79.495,79.59,92.204,80.364,79.59
2025-08-04T11:49:04.055065,79.597,79.592,79.515,79.592,92.892,80.266,79.592
2025-08-04T11:49:04.566295,79.563,79.588,79.525,79.584,93.484,80.169,79.584
2025-08-04T11:49:05.078553,79.58,79.588,79.536,79.583,93.99,80.091,79.583
2025-08-04T11:49:05.590571,79.61,79.591,79.551,79.59,94.416,80.032,79.59
2025-08-04T11:49:06.102674,79.596,79.593,79.56,79.592,94.763,79.976,79.592
2025-08-04T11:49:06.614584,79.569,79.592,79.562,79.586,95.035,79.918,79.586
2025-08-04T11:49:07.126810,79.559,79.588,79.561,79.578,95.239,79.865,79.578
2025-08-04T11:49:07.638882,79.598,79.588,79.568,79.584,95.382,79.835,79.584
2025-08-04T11:49:08.150583,79.605,79.588,79.576,79.589,95.467,79.812,79.589
2025-08-04T11:49:08.666797,79.579,79.586,79.576,79.587,95.496,79.782,79.587
2025-08-04T11:49:09.179263,79.601,79.586,79.581,79.591,95.475,79.764,79.591
2025-08-04T11:49:09.690971,79.58,79.588,79.581,79.588,95.407,79.741,79.588
2025-08-04T11:49:10.202916,79.568,79.587,79.578,79.582,95.294,79.717,79.582
2025-08-04T11:49:10.715581,79.568,79.582,79.576,79.578,95.143,79.696,79.578
2025-08-04T11:49:11.227199,79.569,79.58,79.575,79.576,94.955,79.679,79.576
2025-08-04T11:49:11.739417,79.59,79.582,79.578,79.58,94.737,79.672,79.58
2025-08-04T11:49:12.250760,79.537,79.579,79.57,79.568,94.486,79.647,79.568
2025-08-04T11:49:12.762789,79.578,79.578,79.571,79.571,94.211,79.64,79.571
2025-08-04T11:49:13.275370,79.56,79.573,79.569,79.568,93.911,79.628,79.568
2025-08-04T11:49:13.787566,79.56,79.571,79.567,79.566,93.591,79.618,79.566
2025-08-04T11:49:14.299627,79.564,79.567,79.567,79.565,93.253,79.611,79.565
2025-08-04T11:49:14.815109,79.573,79.567,79.568,79.567,92.9,79.608,79.567
2025-08-04T11:49:15.327189,79.577,79.568,79.57,79.57,92.534,79.607,79.57
2025-08-04T11:49:15.839151,79.565,79.567,79.569,79.569,92.155,79.6,79.569
2025-08-04T11:49:16.351247,79.56,79.566,79.567,79.566,91.767,79.594,79.566
2025-08-04T11:49:16.863248,79.567,79.564,79.567,79.566,91.372,79.591,79.566
2025-08-04T11:49:17.375425,79.57,79.567,79.568,79.567,90.971,79.589,79.567
2025-08-04T11:49:17.887265,79.589,79.569,79.572,79.573,90.568,79.593,79.573
2025-08-04T11:49:18.399361,79.559,79.568,79.569,79.569,90.16,79.586,79.569
2025-08-04T11:49:18.911369,79.58,79.57,79.571,79.572,89.752,79.588,79.572
2025-08-04T11:49:19.423415,79.579,79.572,79.573,79.574,89.345,79.588,79.574
2025-08-04T11:49:19.935418,79.584,79.573,79.575,79.577,88.939,79.59,79.577
2025-08-04T11:49:20.447596,79.599,79.575,79.58,79.583,88.538,79.596,79.583
2025-08-04T11:49:20.963324,79.587,79.577,79.581,79.584,88.139,79.596,79.584
2025-08-04T11:49:21.475239,79.604,79.582,79.586,79.589,87.745,79.601,79.589
2025-08-04T11:49:21.987608,79.584,79.584,79.586,79.588,87.356,79.598,79.588
2025-08-04T11:49:22.499400,79.582,79.585,79.585,79.586,86.972,79.595,79.586
2025-08-04T11:49:23.012501,79.574,79.583,79.583,79.583,86.595,79.59,79.583
2025-08-04T11:49:23.523897,79.581,79.585,79.582,79.582,86.226,79.589,79.582
2025-08-04T11:49:24.035490,79.608,79.588,79.587,79.589,85.867,79.596,79.589
2025-08-04T11:49:24.547438,79.595,79.59,79.589,79.591,85.515,79.598,79.591
2025-08-04T11:49:25.059430,79.601,79.592,79.591,79.594,85.173,79.6,79.594
2025-08-04T11:49:25.571770,79.606,79.592,79.594,79.597,84.84,79.604,79.597
2025-08-04T11:49:26.083500,79.59,79.593,79.593,79.595,84.515,79.601,79.595
2025-08-04T11:49:26.595734,79.569,79.589,79.589,79.588,84.199,79.591,79.588
2025-08-04T11:49:27.111982,79.561,79.587,79.583,79.581,83.893,79.582,79.581
2025-08-04T11:49:27.623311,79.574,79.586,79.581,79.579,83.597,79.579,79.579
2025-08-04T11:49:28.135367,79.571,79.586,79.579,79.577,83.312,79.577,79.577
2025-08-04T11:49:28.648108,79.568,79.584,79.577,79.574,83.037,79.573,79.574
2025-08-04T11:49:29.159696,79.59,79.583,79.58,79.579,82.774,79.579,79.579
2025-08-04T11:49:29.672131,79.577,79.581,79.579,79.578,82.52,79.578,79.578
2025-08-04T11:49:30.183752,79.591,79.58,79.581,79.582,82.278,79.582,79.582
2025-08-04T11:49:30.695607,79.592,79.578,79.584,79.584,82.047,79.586,79.584
2025-08-04T11:49:31.207486,79.574,79.577,79.582,79.582,81.824,79.582,79.582
2025-08-04T11:49:31.719259,79.589,79.579,79.583,79.584,81.613,79.585,79.584
2025-08-04T11:49:32.232217,79.57,79.58,79.58,79.58,81.41,79.58,79.58
2025-08-04T11:49:32.744179,79.595,79.582,79.583,79.584,81.219,79.585,79.584
2025-08-04T11:49:33.256177,79.583,79.583,79.583,79.584,81.037,79.585,79.584
2025-08-04T11:49:33.771598,79.548,79.581,79.576,79.574,80.861,79.572,79.574
2025-08-04T11:49:34.283765,79.54,79.576,79.569,79.565,80.695,79.561,79.565
2025-08-04T11:49:34.795132,79.567,79.575,79.569,79.565,80.539,79.562,79.565
2025-08-04T11:49:35.307516,79.58,79.574,79.571,79.569,80.394,79.567,79.569
2025-08-04T11:49:35.820152,79.592,79.574,79.575,79.575,80.258,79.575,79.575
2025-08-04T11:49:36.332075,79.555,79.572,79.571,79.57,80.128,79.568,79.57
2025-08-04T11:49:36.845207,79.578,79.571,79.572,79.572,80.007,79.571,79.572
2025-08-04T11:49:37.355965,79.548,79.569,79.568,79.566,79.893,79.563,79.566
2025-08-04T11:49:37.868126,79.58,79.567,79.57,79.569,79.788,79.568,79.569
2025-08-04T11:49:38.380048,79.568,79.566,79.57,79.569,79.69,79.568,79.569
2025-08-04T11:49:38.891924,79.586,79.569,79.573,79.574,79.6,79.573,79.574
2025-08-04T11:49:39.403737,79.546,79.57,79.568,79.566,79.514,79.564,79.566
2025-08-04T11:49:39.919500,79.582,79.572,79.57,79.57,79.438,79.57,79.57
2025-08-04T11:49:40.431817,79.559,79.569,79.568,79.567,79.366,79.566,79.567
2025-08-04T11:49:40.944023,79.569,79.567,79.568,79.568,79.301,79.567,79.568
2025-08-04T11:49:41.455953,79.572,79.569,79.569,79.569,79.242,79.568,79.569
2025-08-04T11:49:41.967759,79.563,79.567,79.568,79.567,79.188,79.566,79.567
2025-08-04T11:49:42.479968,79.588,79.571,79.572,79.573,79.141,79.573,79.573
2025-08-04T11:49:42.991719,79.569,79.57,79.571,79.572,79.097,79.572,79.572
2025-08-04T11:49:43.503665,79.582,79.572,79.573,79.575,79.059,79.575,79.575
2025-08-04T11:49:44.015892,79.594,79.572,79.578,79.58,79.027,79.582,79.58
2025-08-04T11:49:44.527913,79.586,79.576,79.579,79.582,78.998,79.584,79.582
2025-08-04T11:49:45.040469,79.569,79.575,79.577,79.578,78.972,79.58,79.578
2025-08-04T11:49:45.551942,79.565,79.576,79.575,79.575,78.949,79.575,79.575
2025-08-04T11:49:46.067977,79.579,79.577,79.576,79.576,78.932,79.576,79.576
2025-08-04T11:49:46.579615,79.583,79.578,79.577,79.578,78.917,79.579,79.578
2025-08-04T11:49:47.092010,79.559,79.577,79.573,79.573,78.904,79.572,79.573
2025-08-04T11:49:47.604148,79.58,79.577,79.575,79.575,78.896,79.575,79.575
2025-08-04T11:49:48.115736,79.561,79.576,79.572,79.571,78.889,79.57,79.571
2025-08-04T11:49:48.627644,79.575,79.575,79.573,79.572,78.885,79.572,79.572
2025-08-04T11:49:49.139838,79.578,79.573,79.574,79.574,78.884,79.574,79.574
2025-08-04T11:49:49.652423,79.583,79.573,79.576,79.576,78.886,79.577,79.576
2025-08-04T11:49:50.164073,79.574,79.574,79.575,79.576,78.889,79.576,79.576
2025-08-04T11:49:50.675909,79.571,79.574,79.574,79.574,78.893,79.574,79.574
2025-08-04T11:49:51.188242,79.582,79.575,79.576,79.576,78.901,79.577,79.576
2025-08-04T11:49:51.700073,79.587,79.575,79.578,79.579,78.91,79.581,79.579
2025-08-04T11:49:52.216262,79.595,79.579,79.582,79.584,78.921,79.586,79.584
2025-08-04T11:49:52.728010,79.578,79.578,79.581,79.582,78.932,79.584,79.582
2025-08-04T11:49:53.240113,79.577,79.58,79.58,79.581,78.944,79.582,79.581
2025-08-04T11:49:53.752035,79.556,79.578,79.575,79.574,78.955,79.573,79.574
2025-08-04T11:49:54.263860,79.588,79.579,79.578,79.578,78.97,79.578,79.578
2025-08-04T11:49:54.775840,79.558,79.577,79.574,79.572,78.983,79.571,79.572
2025-08-04T11:49:55.287990,79.58,79.577,79.575,79.574,78.999,79.574,79.574
2025-08-04T11:49:55.799574,79.591,79.579,79.578,79.579,79.016,79.58,79.579
2025-08-04T11:49:56.312357,79.588,79.58,79.58,79.581,79.033,79.583,79.581
2025-08-04T11:49:56.824258,79.56,79.577,79.576,79.576,79.049,79.575,79.576
2025-08-04T11:49:57.336334,79.572,79.575,79.575,79.575,79.065,79.574,79.575
2025-08-04T11:49:57.848034,79.569,79.574,79.574,79.573,79.082,79.572,79.573
2025-08-04T11:49:58.363758,79.563,79.572,79.572,79.57,79.099,79.569,79.57
2025-08-04T11:49:58.875785,79.562,79.573,79.57,79.568,79.115,79.566,79.568
2025-08-04T11:49:59.387818,79.589,79.573,79.574,79.574,79.134,79.573,79.574
2025-08-04T11:49:59.900075,79.589,79.576,79.577,79.578,79.153,79.579,79.578
2025-08-04T11:50:00.412074,79.584,79.577,79.578,79.58,79.171,79.581,79.58
2025-08-04T11:50:00.924054,79.577,79.575,79.578,79.579,79.189,79.58,79.579
2025-08-04T11:50:01.435756,79.558,79.572,79.574,79.573,79.205,79.573,79.573
2025-08-04T11:50:01.947988,79.589,79.575,79.577,79.577,79.223,79.578,79.577
2025-08-04T11:50:02.459570,79.568,79.575,79.575,79.575,79.239,79.575,79.575
2025-08-04T11:50:02.971922,79.585,79.576,79.577,79.578,79.256,79.578,79.578
2025-08-04T11:50:03.484203,79.561,79.576,79.574,79.573,79.272,79.573,79.573
2025-08-04T11:50:03.996133,79.585,79.579,79.576,79.576,79.288,79.577,79.576
2025-08-04T11:50:04.511963,79.589,79.579,79.579,79.58,79.305,79.581,79.58
2025-08-04T11:50:05.024191,79.569,79.576,79.577,79.577,79.32,79.577,79.577
2025-08-04T11:50:05.536340,79.582,79.576,79.578,79.578,79.335,79.579,79.578
2025-08-04T11:50:06.048866,79.567,79.575,79.576,79.575,79.349,79.575,79.575
2025-08-04T11:50:06.560622,79.567,79.576,79.574,79.573,79.362,79.572,79.573
2025-08-04T11:50:07.072427,79.564,79.574,79.572,79.571,79.375,79.569,79.571
2025-08-04T11:50:07.585316,79.558,79.573,79.569,79.567,79.387,79.565,79.567
2025-08-04T11:50:08.097016,79.57,79.571,79.569,79.568,79.399,79.566,79.568
2025-08-04T11:50:08.608464,79.571,79.572,79.57,79.569,79.411,79.567,79.569
2025-08-04T11:50:09.120440,79.579,79.572,79.572,79.572,79.424,79.571,79.572
2025-08-04T11:50:09.632235,79.569,79.57,79.571,79.571,79.435,79.57,79.571
2025-08-04T11:50:10.144338,79.574,79.57,79.572,79.572,79.446,79.571,79.572
2025-08-04T11:50:10.659942,79.582,79.57,79.574,79.574,79.457,79.575,79.574
2025-08-04T11:50:11.172578,79.608,79.574,79.581,79.584,79.469,79.586,79.584
2025-08-04T11:50:11.684255,79.569,79.574,79.578,79.58,79.479,79.581,79.58
2025-08-04T11:50:12.196570,79.572,79.575,79.577,79.578,79.487,79.578,79.578
2025-08-04T11:50:12.708667,79.546,79.574,79.571,79.569,79.494,79.568,79.569
2025-08-04T11:50:13.220715,79.569,79.574,79.57,79.569,79.502,79.568,79.569
2025-08-04T11:50:13.732670,79.56,79.573,79.568,79.567,79.509,79.565,79.567
2025-08-04T11:50:14.244708,79.556,79.57,79.566,79.564,79.515,79.561,79.564
2025-08-04T11:50:14.756402,79.558,79.569,79.564,79.562,79.521,79.56,79.562
2025-08-04T11:50:15.268266,79.559,79.568,79.563,79.561,79.527,79.559,79.561
2025-08-04T11:50:15.780381,79.552,79.565,79.561,79.559,79.531,79.556,79.559
2025-08-04T11:50:16.296261,79.554,79.559,79.56,79.558,79.536,79.554,79.558
2025-08-04T11:50:16.808804,79.561,79.559,79.56,79.558,79.541,79.556,79.558
2025-08-04T11:50:17.320858,79.566,79.558,79.561,79.56,79.546,79.559,79.56
2025-08-04T11:50:17.832936,79.56,79.559,79.561,79.56,79.55,79.559,79.56
2025-08-04T11:50:18.344136,79.534,79.556,79.556,79.553,79.552,79.55,79.553
2025-08-04T11:50:18.856856,79.558,79.556,79.556,79.555,79.556,79.552,79.555
2025-08-04T11:50:19.368255,79.539,79.554,79.553,79.55,79.558,79.547,79.55
2025-08-04T11:50:19.880659,79.564,79.555,79.555,79.554,79.561,79.552,79.554
2025-08-04T11:50:20.392711,79.564,79.555,79.557,79.557,79.564,79.555,79.557
2025-08-04T11:50:20.904685,79.546,79.555,79.555,79.554,79.566,79.552,79.554
2025-08-04T11:50:21.416737,79.573,79.556,79.558,79.559,79.57,79.558,79.559
2025-08-04T11:50:21.928645,79.558,79.556,79.558,79.559,79.572,79.558,79.559
2025-08-04T11:50:22.444882,79.565,79.556,79.56,79.56,79.574,79.56,79.56
2025-08-04T11:50:22.956601,79.555,79.556,79.559,79.559,79.576,79.559,79.559
2025-08-04T11:50:23.468215,79.552,79.557,79.557,79.557,79.577,79.556,79.557
2025-08-04T11:50:23.980509,79.569,79.558,79.56,79.56,79.579,79.56,79.56
2025-08-04T11:50:24.492805,79.565,79.561,79.561,79.562,79.581,79.562,79.562
2025-08-04T11:50:25.004480,79.548,79.559,79.558,79.558,79.581,79.557,79.558
2025-08-04T11:50:25.516577,79.562,79.559,79.559,79.559,79.582,79.559,79.559
2025-08-04T11:50:26.029011,79.547,79.559,79.557,79.556,79.582,79.555,79.556
2025-08-04T11:50:26.540474,79.552,79.557,79.556,79.555,79.582,79.554,79.555
2025-08-04T11:50:27.052778,79.554,79.557,79.555,79.555,79.582,79.553,79.555
2025-08-04T11:50:27.564760,79.545,79.555,79.553,79.552,79.582,79.55,79.552
2025-08-04T11:50:28.080718,79.574,79.557,79.557,79.558,79.583,79.558,79.558
2025-08-04T11:50:28.592982,79.537,79.555,79.553,79.552,79.582,79.551,79.552
2025-08-04T11:50:29.104731,79.573,79.556,79.557,79.558,79.583,79.558,79.558
2025-08-04T11:50:29.616947,79.541,79.553,79.554,79.553,79.582,79.552,79.553
2025-08-04T11:50:30.128860,79.578,79.556,79.559,79.56,79.584,79.561,79.56
2025-08-04T11:50:30.640871,79.579,79.558,79.563,79.565,79.585,79.567,79.565
2025-08-04T11:50:31.152811,79.568,79.56,79.564,79.566,79.586,79.568,79.566
2025-08-04T11:50:31.664741,79.548,79.56,79.561,79.561,79.584,79.562,79.561
2025-08-04T11:50:32.177183,79.554,79.56,79.559,79.559,79.584,79.559,79.559
2025-08-04T11:50:32.689289,79.56,79.561,79.559,79.559,79.584,79.56,79.559
2025-08-04T11:50:33.200543,79.537,79.558,79.555,79.553,79.581,79.552,79.553
2025-08-04T11:50:33.716632,79.569,79.561,79.558,79.558,79.582,79.557,79.558
2025-08-04T11:50:34.228353,79.554,79.559,79.557,79.557,79.581,79.556,79.557
2025-08-04T11:50:34.741308,79.573,79.562,79.56,79.561,79.582,79.562,79.561
2025-08-04T11:50:35.252335,79.554,79.56,79.559,79.559,79.581,79.559,79.559
2025-08-04T11:50:35.764895,79.58,79.56,79.563,79.565,79.582,79.566,79.565
2025-08-04T11:50:36.277085,79.566,79.559,79.564,79.565,79.582,79.567,79.565
2025-08-04T11:50:36.788991,79.544,79.559,79.56,79.559,79.58,79.559,79.559
2025-08-04T11:50:37.300582,79.583,79.562,79.564,79.566,79.581,79.567,79.566
2025-08-04T11:50:37.812781,79.556,79.562,79.563,79.563,79.58,79.564,79.563
2025-08-04T11:50:38.325316,79.556,79.564,79.561,79.561,79.579,79.561,79.561
2025-08-04T11:50:38.840753,79.547,79.561,79.559,79.557,79.578,79.557,79.557
2025-08-04T11:50:39.352742,79.553,79.561,79.557,79.556,79.576,79.555,79.556
2025-08-04T11:50:39.864565,79.533,79.557,79.553,79.55,79.574,79.547,79.55
2025-08-04T11:50:40.376614,79.577,79.559,79.557,79.557,79.575,79.557,79.557
2025-08-04T11:50:40.888630,79.558,79.557,79.558,79.557,79.574,79.557,79.557
2025-08-04T11:50:41.400669,79.556,79.556,79.557,79.557,79.573,79.557,79.557
2025-08-04T11:50:41.912665,79.552,79.557,79.556,79.556,79.572,79.555,79.556
2025-08-04T11:50:42.424896,79.565,79.555,79.558,79.558,79.572,79.558,79.558
2025-08-04T11:50:42.937183,79.532,79.553,79.553,79.551,79.569,79.549,79.551
2025-08-04T11:50:43.448926,79.54,79.551,79.55,79.548,79.567,79.546,79.548
2025-08-04T11:50:43.961309,79.552,79.552,79.551,79.549,79.566,79.547,79.549
2025-08-04T11:50:44.477217,79.557,79.552,79.552,79.551,79.565,79.55,79.551
2025-08-04T11:50:44.988516,79.56,79.555,79.553,79.554,79.565,79.553,79.554
2025-08-04T11:50:45.500688,79.565,79.554,79.556,79.557,79.565,79.557,79.557
2025-08-04T11:50:46.012513,79.566,79.555,79.558,79.559,79.565,79.56,79.559
2025-08-04T11:50:46.524653,79.547,79.554,79.556,79.556,79.564,79.556,79.556
2025-08-04T11:50:47.036944,79.558,79.554,79.556,79.556,79.564,79.557,79.556
2025-08-04T11:50:47.548743,79.553,79.553,79.556,79.556,79.563,79.555,79.556
2025-08-04T11:50:48.060895,79.564,79.556,79.557,79.558,79.563,79.558,79.558
2025-08-04T11:50:48.572965,79.562,79.558,79.558,79.559,79.563,79.56,79.559
2025-08-04T11:50:49.085041,79.561,79.559,79.559,79.56,79.563,79.56,79.56
2025-08-04T11:50:49.596749,79.552,79.559,79.557,79.557,79.562,79.558,79.557
2025-08-04T11:50:50.108705,79.526,79.555,79.551,79.549,79.559,79.547,79.549
2025-08-04T11:50:50.624581,79.576,79.556,79.556,79.556,79.56,79.556,79.556
2025-08-04T11:50:51.136588,79.554,79.555,79.556,79.556,79.56,79.556,79.556
2025-08-04T11:50:51.648994,79.569,79.557,79.558,79.559,79.56,79.56,79.559
2025-08-04T11:50:52.160658,79.563,79.558,79.559,79.56,79.56,79.561,79.56
2025-08-04T11:50:52.673052,79.549,79.558,79.557,79.557,79.559,79.557,79.557
2025-08-04T11:50:53.184967,79.551,79.556,79.556,79.556,79.559,79.555,79.556
2025-08-04T11:50:53.696753,79.556,79.556,79.556,79.556,79.558,79.555,79.556
2025-08-04T11:50:54.208908,79.55,79.555,79.555,79.554,79.558,79.554,79.554
2025-08-04T11:50:54.720709,79.548,79.554,79.553,79.552,79.557,79.552,79.552
2025-08-04T11:50:55.232771,79.556,79.557,79.554,79.553,79.556,79.553,79.553
2025-08-04T11:50:55.744865,79.542,79.554,79.552,79.55,79.555,79.549,79.55
2025-08-04T11:50:56.260623,79.54,79.552,79.549,79.548,79.554,79.546,79.548
2025-08-04T11:50:56.772784,79.538,79.549,79.547,79.545,79.552,79.543,79.545
2025-08-04T11:50:57.284903,79.53,79.546,79.544,79.541,79.55,79.538,79.541
2025-08-04T11:50:57.797141,79.557,79.547,79.546,79.545,79.55,79.543,79.545
2025-08-04T11:50:58.309211,79.531,79.545,79.543,79.541,79.549,79.539,79.541
2025-08-04T11:50:58.820861,79.573,79.547,79.549,79.55,79.55,79.55,79.55
2025-08-04T11:50:59.332789,79.551,79.547,79.55,79.55,79.55,79.55,79.55
2025-08-04T11:50:59.844847,79.553,79.547,79.55,79.551,79.55,79.551,79.551
2025-08-04T11:51:00.356805,79.542,79.546,79.549,79.549,79.549,79.548,79.549
2025-08-04T11:51:00.868952,79.55,79.547,79.549,79.549,79.548,79.549,79.549
2025-08-04T11:51:01.380797,79.543,79.547,79.548,79.547,79.548,79.547,79.547
2025-08-04T11:51:01.896514,79.547,79.548,79.548,79.547,79.547,79.547,79.547
2025-08-04T11:51:02.409009,79.565,79.551,79.551,79.552,79.548,79.553,79.552
2025-08-04T11:51:02.920839,79.541,79.55,79.549,79.549,79.547,79.549,79.549
2025-08-04T11:51:03.432682,79.55,79.551,79.549,79.549,79.547,79.549,79.549
2025-08-04T11:51:03.944803,79.548,79.549,79.549,79.549,79.547,79.549,79.549
2025-08-04T11:51:04.457050,79.548,79.549,79.549,79.549,79.547,79.548,79.549
2025-08-04T11:51:04.969304,79.55,79.548,79.549,79.549,79.547,79.549,79.549
2025-08-04T11:51:05.481254,79.565,79.551,79.552,79.553,79.548,79.554,79.553
2025-08-04T11:51:05.993158,79.557,79.551,79.553,79.554,79.548,79.556,79.554
2025-08-04T11:51:06.505213,79.565,79.554,79.556,79.557,79.549,79.559,79.557
2025-08-04T11:51:07.016908,80.765,79.675,79.797,79.884,79.642,79.965,79.884
2025-08-04T11:51:07.532872,83.585,80.077,80.555,80.883,79.947,81.207,80.883
2025-08-04T11:51:08.044952,86.634,80.787,81.771,82.437,80.472,83.124,82.437
2025-08-04T11:51:08.556881,89.811,81.813,83.379,84.429,81.219,85.543,84.429
2025-08-04T11:51:09.069060,93.066,83.165,85.316,86.762,82.184,88.323,86.762
2025-08-04T11:51:09.581333,96.387,84.849,87.53,89.363,83.362,91.359,89.363
2025-08-04T11:51:10.093135,99.653,86.859,89.955,92.143,84.739,94.543,92.143
2025-08-04T11:51:10.605422,102.967,89.199,92.557,95.067,86.309,97.835,95.067
2025-08-04T11:51:11.117330,106.222,91.866,95.29,98.081,88.059,101.174,98.081
2025-08-04T11:51:11.629366,109.458,94.855,98.124,101.154,89.978,104.532,101.154
2025-08-04T11:51:12.140982,112.758,98.054,101.051,104.289,92.061,107.919,104.289
2025-08-04T11:51:12.657149,115.99,101.295,104.039,107.45,94.296,111.297,107.45
2025-08-04T11:51:13.168933,119.264,104.558,107.084,110.642,96.675,114.679,110.642
2025-08-04T11:51:13.680996,122.489,107.825,110.165,113.842,99.188,118.044,113.842
2025-08-04T11:51:14.193006,125.699,111.089,113.272,117.045,101.825,121.389,117.045
2025-08-04T11:51:14.705065,128.864,114.336,116.39,120.238,104.575,124.702,120.238
2025-08-04T11:51:15.217186,131.997,117.571,119.511,123.415,107.428,127.979,123.415
2025-08-04T11:51:15.729384,135.063,120.78,122.622,126.562,110.372,131.207,126.562
2025-08-04T11:51:16.241399,138.14,123.972,125.725,129.69,113.401,134.401,129.69
2025-08-04T11:51:16.753800,141.185,127.145,128.817,132.795,116.507,137.56,132.795
2025-08-04T11:51:17.265171,144.223,130.291,131.898,135.883,119.682,140.69,135.883
2025-08-04T11:51:17.777687,147.258,133.418,134.97,138.956,122.921,143.797,138.956
2025-08-04T11:51:18.293074,150.293,136.521,138.035,142.019,126.219,146.886,142.019
2025-08-04T11:51:18.804998,153.253,139.598,141.079,145.054,129.564,149.939,145.054
2025-08-04T11:51:19.317154,156.142,142.642,144.091,148.049,132.946,152.943,148.049
2025-08-04T11:51:19.829347,158.974,145.653,147.068,151.001,136.356,155.893,151.001
2025-08-04T11:51:20.340996,161.746,148.628,150.003,153.904,139.787,158.786,153.904
2025-08-04T11:51:20.853196,164.529,151.574,152.909,156.774,143.234,161.641,156.774
2025-08-04T11:51:21.365399,167.321,154.492,155.791,159.623,146.697,164.471,159.623
2025-08-04T11:51:21.877386,170.06,157.38,158.645,162.443,150.166,167.268,162.443
2025-08-04T11:51:22.389388,172.9,160.248,161.496,165.268,153.648,170.072,165.268
2025-08-04T11:51:22.901198,175.578,163.08,164.312,168.053,157.127,172.832,168.053
2025-08-04T11:51:23.412985,178.182,165.869,167.086,170.79,160.596,175.537,170.79
2025-08-04T11:51:23.928922,180.789,168.622,169.827,173.491,164.051,178.204,173.491
2025-08-04T11:51:24.441299,183.316,171.34,172.525,176.145,167.487,180.819,176.145
2025-08-04T11:51:24.953076,185.814,174.023,175.183,178.757,170.899,183.389,178.757
2025-08-04T11:51:25.465203,188.331,176.682,177.812,181.344,174.288,185.932,181.344
2025-08-04T11:51:25.977328,190.897,179.319,180.429,183.925,177.657,188.472,183.925
2025-08-04T11:51:26.489157,193.337,181.92,183.011,186.467,180.995,190.972,186.467
2025-08-04T11:51:27.001331,195.765,184.491,185.562,188.979,184.301,193.44,188.979
2025-08-04T11:51:27.513455,198.162,187.017,188.082,191.46,187.572,195.876,191.46
2025-08-04T11:51:28.025298,200.529,189.512,190.571,193.91,190.807,198.28,193.91
2025-08-04T11:51:28.537244,202.899,191.984,193.037,196.338,194.004,200.664,196.338
2025-08-04T11:51:29.049341,205.266,194.432,195.483,198.75,197.166,203.033,198.75
2025-08-04T11:51:29.561554,207.657,196.866,197.917,201.156,200.293,205.399,201.156
2025-08-04T11:51:30.076950,210.028,199.287,200.34,203.553,203.385,207.758,203.553
2025-08-04T11:51:30.589337,212.323,201.686,202.736,205.922,206.436,210.089,205.922
2025-08-04T11:51:31.101222,214.599,204.056,205.109,208.266,209.445,212.395,208.266
2025-08-04T11:51:31.613272,216.769,206.4,207.441,210.563,212.406,214.651,210.563
2025-08-04T11:51:32.125271,218.914,208.715,209.735,212.819,215.318,216.862,212.819
2025-08-04T11:51:32.637447,221.032,211.002,211.995,215.038,218.18,219.035,215.038
2025-08-04T11:51:33.149377,223.07,213.256,214.21,217.208,220.988,221.156,217.208
2025-08-04T11:51:33.661551,225.038,215.47,216.375,219.323,223.738,223.218,219.323
2025-08-04T11:51:34.173386,226.962,217.639,218.493,221.387,226.429,225.225,221.387
2025-08-04T11:51:34.685546,228.852,219.759,220.565,223.404,229.06,227.182,223.404
2025-08-04T11:51:35.197740,230.745,221.83,222.601,225.387,231.635,229.107,225.387
2025-08-04T11:51:35.709553,232.631,223.861,224.607,227.344,234.153,231.006,227.344
2025-08-04T11:51:36.225346,234.468,225.848,226.579,229.269,236.615,232.873,229.269
2025-08-04T11:51:36.737559,236.34,227.805,228.531,231.179,239.026,234.728,231.179
2025-08-04T11:51:37.249567,238.13,229.727,230.451,233.057,241.381,236.552,233.057
2025-08-04T11:51:37.761077,239.947,231.618,232.35,234.918,243.685,238.362,234.918
2025-08-04T11:51:38.273343,241.872,233.499,234.255,236.797,245.948,240.196,236.797
2025-08-04T11:51:38.785389,243.972,235.392,236.198,238.735,248.187,242.104,238.735
2025-08-04T11:51:39.297692,246.236,237.319,238.206,240.762,250.415,244.118,240.762
2025-08-04T11:51:39.809453,248.524,239.286,240.269,242.859,252.634,246.215,242.859
2025-08-04T11:51:40.321337,250.82,241.294,242.379,245.009,254.847,248.377,245.009
2025-08-04T11:51:40.833455,253.02,243.333,244.508,247.174,257.047,250.554,247.174
2025-08-04T11:51:41.345676,255.193,245.405,246.645,249.34,259.233,252.735,249.34
2025-08-04T11:51:41.857701,257.421,247.513,248.8,251.523,261.409,254.934,251.523
2025-08-04T11:51:42.373365,259.576,249.658,250.955,253.699,263.572,257.124,253.699
2025-08-04T11:51:42.885306,261.747,251.838,253.114,255.873,265.723,259.312,255.873
2025-08-04T11:51:43.397360,263.84,254.035,255.259,258.025,267.858,261.473,258.025
2025-08-04T11:51:43.909372,265.913,256.229,257.39,260.156,269.975,263.609,260.156
2025-08-04T11:51:44.421620,267.822,258.388,259.476,262.227,272.065,265.675,262.227
2025-08-04T11:51:44.933914,269.607,260.496,261.502,264.221,274.118,267.652,264.221
2025-08-04T11:51:45.445606,271.404,262.554,263.483,266.161,276.138,269.568,266.161
2025-08-04T11:51:45.957559,273.252,264.577,265.437,268.077,278.131,271.456,268.077
2025-08-04T11:51:46.469659,274.835,266.542,267.316,269.903,280.077,273.243,269.903
2025-08-04T11:51:46.981748,276.336,268.433,269.12,271.641,281.973,274.93,271.641
2025-08-04T11:51:47.493549,277.837,270.259,270.864,273.315,283.822,276.547,273.315
2025-08-04T11:51:48.005575,278.979,271.982,272.487,274.845,285.599,278.003,274.845
2025-08-04T11:51:48.521535,279.216,273.52,273.833,276.026,287.238,279.061,276.026
2025-08-04T11:51:49.033742,279.199,274.849,274.906,276.883,288.726,279.754,276.883
2025-08-04T11:51:49.545423,279.184,275.985,275.761,277.505,290.07,280.185,277.505
2025-08-04T11:51:50.057437,279.193,276.944,276.448,277.961,291.279,280.439,277.961
2025-08-04T11:51:50.569538,279.175,277.721,276.993,278.289,292.358,280.561,278.289
2025-08-04T11:51:51.081637,278.398,278.235,277.274,278.318,293.254,280.354,278.318
2025-08-04T11:51:51.593710,268.706,277.622,275.561,275.721,293.296,277.14,275.721
2025-08-04T11:51:52.105404,34.847,253.473,227.418,210.648,275.384,201.974,210.648
2025-08-04T11:51:52.617433,-0.047,225.685,181.925,153.727,255.442,136.626,153.727
2025-08-04T11:51:53.129456,-0.078,197.779,145.524,112.176,236.246,89.504,112.176
2025-08-04T11:51:53.641599,-0.077,169.85,116.404,81.85,217.799,55.8,81.85
2025-08-04T11:51:54.153568,-0.076,141.922,93.108,59.717,200.1,31.941,59.717
2025-08-04T11:51:54.665821,-0.068,113.997,74.473,43.566,183.147,15.285,43.566
2025-08-04T11:51:55.181531,-0.108,86.067,59.557,31.767,166.929,3.857,31.767
2025-08-04T11:51:55.693537,-0.086,58.141,47.628,23.162,151.445,-3.765,23.162
2025-08-04T11:51:56.205056,-0.08,30.293,38.086,16.883,136.685,-8.653,16.883
2025-08-04T11:51:56.717553,-0.097,3.413,30.45,12.296,122.637,-11.601,12.296
2025-08-04T11:51:57.229530,-0.115,-0.083,24.337,8.943,109.287,-13.183,8.943
2025-08-04T11:51:57.741616,-0.107,-0.089,19.448,6.498,96.627,-13.809,6.498
2025-08-04T11:51:58.253585,-0.096,-0.091,15.539,4.717,84.641,-13.785,4.717
2025-08-04T11:51:58.765880,-0.098,-0.093,12.412,3.416,73.313,-13.339,3.416
2025-08-04T11:51:59.277882,-0.1,-0.096,9.909,2.466,62.629,-12.628,2.466
2025-08-04T11:51:59.789769,-0.116,-0.1,7.904,1.768,52.569,-11.769,1.768
2025-08-04T11:52:00.301507,-0.111,-0.101,6.301,1.261,43.118,-10.834,1.261
2025-08-04T11:52:00.817816,-0.112,-0.103,5.019,0.89,34.258,-9.879,0.89
2025-08-04T11:52:01.329436,-0.082,-0.103,3.999,0.627,25.974,-8.932,0.627
2025-08-04T11:52:01.841409,-0.104,-0.104,3.178,0.43,18.242,-8.034,0.43
2025-08-04T11:52:02.353568,-0.11,-0.104,2.52,0.284,11.045,-7.193,0.284
2025-08-04T11:52:02.865657,-0.083,-0.101,2.0,0.185,4.366,-6.405,0.185
2025-08-04T11:52:03.377752,-0.097,-0.101,1.58,0.109,-1.817,-5.689,0.109
2025-08-04T11:52:03.890001,-0.09,-0.1,1.246,0.055,-7.522,-5.038,0.055
2025-08-04T11:52:04.401361,-0.059,-0.096,0.985,0.024,-12.765,-4.441,0.024
2025-08-04T11:52:04.913888,-0.108,-0.096,0.767,-0.012,-17.573,-3.923,-0.012
2025-08-04T11:52:05.425974,-0.109,-0.095,0.591,-0.038,-21.96,-3.46,-0.038
2025-08-04T11:52:05.937565,-0.121,-0.096,0.449,-0.06,-25.947,-3.052,-0.06
2025-08-04T11:52:06.449941,-0.112,-0.099,0.337,-0.074,-29.549,-2.686,-0.074
2025-08-04T11:52:06.965816,-0.108,-0.1,0.248,-0.083,-32.787,-2.361,-0.083
2025-08-04T11:52:07.477891,-0.101,-0.099,0.178,-0.088,-35.677,-2.072,-0.088
2025-08-04T11:52:07.989701,-0.118,-0.102,0.119,-0.096,-38.239,-1.824,-0.096
2025-08-04T11:52:08.501926,-0.115,-0.104,0.072,-0.101,-40.49,-1.605,-0.101
2025-08-04T11:52:09.014328,-0.128,-0.108,0.032,-0.109,-42.446,-1.416,-0.109
2025-08-04T11:52:09.525816,-0.12,-0.114,0.002,-0.112,-44.124,-1.248,-0.112
2025-08-04T11:52:10.037659,-0.113,-0.115,-0.021,-0.112,-45.539,-1.099,-0.112
2025-08-04T11:52:10.549850,-0.113,-0.115,-0.04,-0.112,-46.709,-0.969,-0.112
2025-08-04T11:52:11.061733,-0.104,-0.113,-0.052,-0.11,-47.646,-0.852,-0.11
2025-08-04T11:52:11.573971,-0.116,-0.114,-0.065,-0.112,-48.368,-0.755,-0.112
2025-08-04T11:52:12.086481,-0.126,-0.115,-0.077,-0.116,-48.889,-0.674,-0.116
2025-08-04T11:52:12.601780,-0.112,-0.117,-0.084,-0.115,-49.221,-0.598,-0.115
2025-08-04T11:52:13.114599,-0.105,-0.115,-0.088,-0.112,-49.378,-0.53,-0.112
2025-08-04T11:52:13.626001,-0.113,-0.115,-0.093,-0.112,-49.374,-0.474,-0.112
2025-08-04T11:52:14.138151,-0.118,-0.114,-0.098,-0.114,-49.221,-0.427,-0.114
2025-08-04T11:52:14.649890,-0.133,-0.115,-0.105,-0.119,-48.931,-0.393,-0.119
2025-08-04T11:52:15.162233,-0.104,-0.114,-0.105,-0.115,-48.513,-0.355,-0.115
2025-08-04T11:52:15.673912,-0.118,-0.115,-0.108,-0.116,-47.981,-0.328,-0.116
2025-08-04T11:52:16.186070,-0.103,-0.115,-0.107,-0.112,-47.343,-0.299,-0.112
2025-08-04T11:52:16.697766,-0.129,-0.116,-0.111,-0.117,-46.612,-0.282,-0.117
2025-08-04T11:52:17.209706,-0.122,-0.116,-0.113,-0.118,-45.796,-0.265,-0.118
2025-08-04T11:52:17.721753,-0.12,-0.117,-0.115,-0.119,-44.902,-0.248,-0.119
2025-08-04T11:52:18.234490,-0.124,-0.118,-0.117,-0.12,-43.941,-0.235,-0.12
2025-08-04T11:52:18.750406,-0.131,-0.12,-0.119,-0.123,-42.922,-0.225,-0.123
2025-08-04T11:52:19.262184,-0.12,-0.12,-0.12,-0.122,-41.849,-0.212,-0.122
2025-08-04T11:52:19.773738,-0.098,-0.117,-0.115,-0.116,-40.729,-0.193,-0.116
2025-08-04T11:52:20.285912,-0.11,-0.118,-0.114,-0.114,-39.573,-0.182,-0.114
2025-08-04T11:52:20.798641,-0.118,-0.117,-0.115,-0.115,-38.386,-0.175,-0.115
